"order_id","order_number","state","timeslot_from","timeslot_to","created_date"
"81108141","2000038595452","COMPLETED","2025-12-23T12:00:00Z","2025-12-23T13:00:00Z","2025-12-22T21:00:00Z"
"81108139","2000038595453","COMPLETED","2025-12-23T12:00:00Z","2025-12-23T13:00:00Z","2025-12-22T21:00:00Z"
"81108138","2000038595455","COMPLETED","2025-12-23T12:00:00Z","2025-12-23T13:00:00Z","2025-12-22T21:00:00Z"
"81108143","2000038595451","COMPLETED","2025-12-25T12:00:00Z","2025-12-25T13:00:00Z","2025-12-22T21:00:00Z"
"81108142","2000038595454","COMPLETED","2025-12-25T12:00:00Z","2025-12-25T13:00:00Z","2025-12-22T21:00:00Z"
"81470497","2000038811051","COMPLETED","2025-12-25T22:00:00Z","2025-12-25T23:00:00Z","2025-12-24T21:00:00Z"
"81471760","2000038811744","COMPLETED","2025-12-25T22:00:00Z","2025-12-25T23:00:00Z","2025-12-24T21:00:00Z"
"81466719","2000038808844","COMPLETED","2025-12-26T11:00:00Z","2025-12-26T12:00:00Z","2025-12-24T21:00:00Z"
"81466720","2000038808845","COMPLETED","2025-12-26T11:00:00Z","2025-12-26T12:00:00Z","2025-12-24T21:00:00Z"
"81466876","2000038808933","COMPLETED","2025-12-26T11:00:00Z","2025-12-26T12:00:00Z","2025-12-24T21:00:00Z"
"81466877","2000038808934","COMPLETED","2025-12-26T11:00:00Z","2025-12-26T12:00:00Z","2025-12-24T21:00:00Z"
"81470496","2000038811052","COMPLETED","2025-12-26T11:00:00Z","2025-12-26T12:00:00Z","2025-12-24T21:00:00Z"
"81470498","2000038811053","COMPLETED","2025-12-26T11:00:00Z","2025-12-26T12:00:00Z","2025-12-24T21:00:00Z"
"81470499","2000038811054","COMPLETED","2025-12-26T11:00:00Z","2025-12-26T12:00:00Z","2025-12-24T21:00:00Z"
"81471126","2000038811379","COMPLETED","2025-12-26T11:00:00Z","2025-12-26T12:00:00Z","2025-12-24T21:00:00Z"
"81471127","2000038811380","COMPLETED","2025-12-26T11:00:00Z","2025-12-26T12:00:00Z","2025-12-24T21:00:00Z"
"81472359","2000038812072","COMPLETED","2025-12-26T11:00:00Z","2025-12-26T12:00:00Z","2025-12-24T21:00:00Z"
"81473351","2000038812618","COMPLETED","2025-12-26T11:00:00Z","2025-12-26T12:00:00Z","2025-12-24T21:00:00Z"
"81473353","2000038812619","COMPLETED","2025-12-26T11:00:00Z","2025-12-26T12:00:00Z","2025-12-24T21:00:00Z"
"81473354","2000038812620","COMPLETED","2025-12-26T11:00:00Z","2025-12-26T12:00:00Z","2025-12-24T21:00:00Z"
"81468670","2000038809995","COMPLETED","2025-12-26T14:00:00Z","2025-12-26T15:00:00Z","2025-12-24T21:00:00Z"
"81472361","2000038812073","COMPLETED","2025-12-26T14:00:00Z","2025-12-26T15:00:00Z","2025-12-24T21:00:00Z"
"81473352","2000038812617","COMPLETED","2025-12-26T14:00:00Z","2025-12-26T15:00:00Z","2025-12-24T21:00:00Z"
"81108140","2000038595450","COMPLETED","2025-12-26T15:00:00Z","2025-12-26T16:00:00Z","2025-12-22T21:00:00Z"
"81469530","2000038810478","COMPLETED","2025-12-29T11:00:00Z","2025-12-29T12:00:00Z","2025-12-24T21:00:00Z"
"81471494","2000038811595","COMPLETED","2025-12-29T11:00:00Z","2025-12-29T12:00:00Z","2025-12-24T21:00:00Z"
"81533698","2000038851552","COMPLETED","2025-12-29T11:00:00Z","2025-12-29T12:00:00Z","2025-12-24T21:00:00Z"
"81638041","2000038910398","COMPLETED","2025-12-29T11:00:00Z","2025-12-29T12:00:00Z","2025-12-25T21:00:00Z"
"81638043","2000038910400","COMPLETED","2025-12-29T11:00:00Z","2025-12-29T12:00:00Z","2025-12-25T21:00:00Z"
"81468669","2000038809994","COMPLETED","2025-12-29T12:00:00Z","2025-12-29T13:00:00Z","2025-12-24T21:00:00Z"
"81469526","2000038810479","COMPLETED","2025-12-29T12:00:00Z","2025-12-29T13:00:00Z","2025-12-24T21:00:00Z"
"81469525","2000038810480","COMPLETED","2025-12-29T12:00:00Z","2025-12-29T13:00:00Z","2025-12-24T21:00:00Z"
"81469528","2000038810481","IN_TRANSIT","2025-12-29T12:00:00Z","2025-12-29T13:00:00Z","2025-12-24T21:00:00Z"
"81469527","2000038810482","COMPLETED","2025-12-29T12:00:00Z","2025-12-29T13:00:00Z","2025-12-24T21:00:00Z"
"81469529","2000038810483","COMPLETED","2025-12-29T12:00:00Z","2025-12-29T13:00:00Z","2025-12-24T21:00:00Z"
"81469531","2000038810484","COMPLETED","2025-12-29T12:00:00Z","2025-12-29T13:00:00Z","2025-12-24T21:00:00Z"
"81470500","2000038811055","COMPLETED","2025-12-29T12:00:00Z","2025-12-29T13:00:00Z","2025-12-24T21:00:00Z"
"81471495","2000038811596","COMPLETED","2025-12-29T12:00:00Z","2025-12-29T13:00:00Z","2025-12-24T21:00:00Z"
"81472360","2000038812074","COMPLETED","2025-12-29T12:00:00Z","2025-12-29T13:00:00Z","2025-12-24T21:00:00Z"
"81632037","2000038906427","COMPLETED","2025-12-30T06:00:00Z","2025-12-30T07:00:00Z","2025-12-25T21:00:00Z"
"81632038","2000038906429","COMPLETED","2025-12-30T11:00:00Z","2025-12-30T12:00:00Z","2025-12-25T21:00:00Z"
"81632036","2000038906430","COMPLETED","2025-12-30T11:00:00Z","2025-12-30T12:00:00Z","2025-12-25T21:00:00Z"
"81638042","2000038910399","COMPLETED","2025-12-30T11:00:00Z","2025-12-30T12:00:00Z","2025-12-25T21:00:00Z"
"81943685","2000039087840","COMPLETED","2025-12-30T11:00:00Z","2025-12-30T12:00:00Z","2025-12-28T21:00:00Z"
"81943684","2000039087841","COMPLETED","2025-12-30T11:00:00Z","2025-12-30T12:00:00Z","2025-12-28T21:00:00Z"
"81943688","2000039087842","COMPLETED","2025-12-30T11:00:00Z","2025-12-30T12:00:00Z","2025-12-28T21:00:00Z"
"81943687","2000039087843","COMPLETED","2025-12-30T11:00:00Z","2025-12-30T12:00:00Z","2025-12-28T21:00:00Z"
"81943686","2000039087844","COMPLETED","2025-12-30T11:00:00Z","2025-12-30T12:00:00Z","2025-12-28T21:00:00Z"
"81943689","2000039087846","COMPLETED","2025-12-30T11:00:00Z","2025-12-30T12:00:00Z","2025-12-28T21:00:00Z"
"81943690","2000039087847","COMPLETED","2025-12-30T11:00:00Z","2025-12-30T12:00:00Z","2025-12-28T21:00:00Z"
"81943691","2000039087848","COMPLETED","2025-12-30T11:00:00Z","2025-12-30T12:00:00Z","2025-12-28T21:00:00Z"
"81943693","2000039087849","COMPLETED","2025-12-30T11:00:00Z","2025-12-30T12:00:00Z","2025-12-28T21:00:00Z"
"81943694","2000039087850","COMPLETED","2025-12-30T11:00:00Z","2025-12-30T12:00:00Z","2025-12-28T21:00:00Z"
"81943692","2000039087851","COMPLETED","2025-12-30T11:00:00Z","2025-12-30T12:00:00Z","2025-12-28T21:00:00Z"
"81943696","2000039087852","COMPLETED","2025-12-30T11:00:00Z","2025-12-30T12:00:00Z","2025-12-28T21:00:00Z"
"81947095","2000039095723","COMPLETED","2025-12-30T11:00:00Z","2025-12-30T12:00:00Z","2025-12-28T21:00:00Z"
"81947096","2000039095724","COMPLETED","2025-12-30T11:00:00Z","2025-12-30T12:00:00Z","2025-12-28T21:00:00Z"
"81947094","2000039095725","COMPLETED","2025-12-30T11:00:00Z","2025-12-30T12:00:00Z","2025-12-28T21:00:00Z"
"81947099","2000039095726","COMPLETED","2025-12-30T11:00:00Z","2025-12-30T12:00:00Z","2025-12-28T21:00:00Z"
"81947102","2000039095728","COMPLETED","2025-12-30T11:00:00Z","2025-12-30T12:00:00Z","2025-12-28T21:00:00Z"
"81947101","2000039095729","COMPLETED","2025-12-30T11:00:00Z","2025-12-30T12:00:00Z","2025-12-28T21:00:00Z"
"81947098","2000039095730","COMPLETED","2025-12-30T11:00:00Z","2025-12-30T12:00:00Z","2025-12-28T21:00:00Z"
"81632035","2000038906428","COMPLETED","2025-12-30T12:00:00Z","2025-12-30T13:00:00Z","2025-12-25T21:00:00Z"
"81943697","2000039087845","COMPLETED","2025-12-30T14:00:00Z","2025-12-30T15:00:00Z","2025-12-28T21:00:00Z"
"81947097","2000039095722","COMPLETED","2025-12-30T14:00:00Z","2025-12-30T15:00:00Z","2025-12-28T21:00:00Z"
"81947100","2000039095727","COMPLETED","2025-12-30T14:00:00Z","2025-12-30T15:00:00Z","2025-12-28T21:00:00Z"
"82426309","2000039392579","COMPLETED","2026-01-06T11:00:00Z","2026-01-06T12:00:00Z","2026-01-04T21:00:00Z"
"82428349","2000039394316","COMPLETED","2026-01-06T11:00:00Z","2026-01-06T12:00:00Z","2026-01-04T21:00:00Z"
"82428350","2000039394317","COMPLETED","2026-01-06T11:00:00Z","2026-01-06T12:00:00Z","2026-01-04T21:00:00Z"
"82505885","2000039438525","COMPLETED","2026-01-07T11:00:00Z","2026-01-07T12:00:00Z","2026-01-05T21:00:00Z"
"82511502","2000039442136","COMPLETED","2026-01-07T11:00:00Z","2026-01-07T12:00:00Z","2026-01-05T21:00:00Z"
"82511501","2000039442137","COMPLETED","2026-01-07T11:00:00Z","2026-01-07T12:00:00Z","2026-01-05T21:00:00Z"
"82511503","2000039442138","COMPLETED","2026-01-07T11:00:00Z","2026-01-07T12:00:00Z","2026-01-05T21:00:00Z"
"82511504","2000039442139","COMPLETED","2026-01-07T11:00:00Z","2026-01-07T12:00:00Z","2026-01-05T21:00:00Z"
"82511505","2000039442140","COMPLETED","2026-01-07T11:00:00Z","2026-01-07T12:00:00Z","2026-01-05T21:00:00Z"
"82511508","2000039442141","COMPLETED","2026-01-07T11:00:00Z","2026-01-07T12:00:00Z","2026-01-05T21:00:00Z"
"82511507","2000039442142","COMPLETED","2026-01-07T11:00:00Z","2026-01-07T12:00:00Z","2026-01-05T21:00:00Z"
"82511506","2000039442143","COMPLETED","2026-01-07T11:00:00Z","2026-01-07T12:00:00Z","2026-01-05T21:00:00Z"
"82511509","2000039442144","COMPLETED","2026-01-07T11:00:00Z","2026-01-07T12:00:00Z","2026-01-05T21:00:00Z"
"82512602","2000039442818","COMPLETED","2026-01-07T11:00:00Z","2026-01-07T12:00:00Z","2026-01-05T21:00:00Z"
"82512601","2000039442819","COMPLETED","2026-01-07T11:00:00Z","2026-01-07T12:00:00Z","2026-01-05T21:00:00Z"
"82514236","2000039443955","COMPLETED","2026-01-07T11:00:00Z","2026-01-07T12:00:00Z","2026-01-05T21:00:00Z"
"82514237","2000039443956","COMPLETED","2026-01-07T11:00:00Z","2026-01-07T12:00:00Z","2026-01-05T21:00:00Z"
"82514238","2000039443957","COMPLETED","2026-01-07T11:00:00Z","2026-01-07T12:00:00Z","2026-01-05T21:00:00Z"
"82528699","2000039454430","COMPLETED","2026-01-07T11:00:00Z","2026-01-07T12:00:00Z","2026-01-05T21:00:00Z"
"82528700","2000039454431","COMPLETED","2026-01-07T11:00:00Z","2026-01-07T12:00:00Z","2026-01-05T21:00:00Z"
"82528701","2000039454432","COMPLETED","2026-01-07T11:00:00Z","2026-01-07T12:00:00Z","2026-01-05T21:00:00Z"
"82528702","2000039454433","COMPLETED","2026-01-07T11:00:00Z","2026-01-07T12:00:00Z","2026-01-05T21:00:00Z"
"82529470","2000039454867","COMPLETED","2026-01-07T11:00:00Z","2026-01-07T12:00:00Z","2026-01-05T21:00:00Z"
"82530930","2000039455952","OVERDUE","2026-01-07T11:00:00Z","2026-01-07T12:00:00Z","2026-01-05T21:00:00Z"
"82607828","2000039499389","COMPLETED","2026-01-07T11:00:00Z","2026-01-07T12:00:00Z","2026-01-06T21:00:00Z"
"82607825","2000039499384","COMPLETED","2026-01-08T11:00:00Z","2026-01-08T12:00:00Z","2026-01-06T21:00:00Z"
"82607824","2000039499385","COMPLETED","2026-01-08T11:00:00Z","2026-01-08T12:00:00Z","2026-01-06T21:00:00Z"
"82607826","2000039499386","COMPLETED","2026-01-08T11:00:00Z","2026-01-08T12:00:00Z","2026-01-06T21:00:00Z"
"82607829","2000039499387","COMPLETED","2026-01-08T11:00:00Z","2026-01-08T12:00:00Z","2026-01-06T21:00:00Z"
"82607827","2000039499388","COMPLETED","2026-01-08T11:00:00Z","2026-01-08T12:00:00Z","2026-01-06T21:00:00Z"
"82692270","2000039553092","COMPLETED","2026-01-08T11:00:00Z","2026-01-08T12:00:00Z","2026-01-07T21:00:00Z"
"82692272","2000039553093","COMPLETED","2026-01-08T11:00:00Z","2026-01-08T12:00:00Z","2026-01-07T21:00:00Z"
"82692274","2000039553094","COMPLETED","2026-01-08T11:00:00Z","2026-01-08T12:00:00Z","2026-01-07T21:00:00Z"
"82692275","2000039553095","COMPLETED","2026-01-08T11:00:00Z","2026-01-08T12:00:00Z","2026-01-07T21:00:00Z"
"82692273","2000039553096","COMPLETED","2026-01-08T11:00:00Z","2026-01-08T12:00:00Z","2026-01-07T21:00:00Z"
"82692276","2000039553098","COMPLETED","2026-01-08T11:00:00Z","2026-01-08T12:00:00Z","2026-01-07T21:00:00Z"
"82692277","2000039553099","COMPLETED","2026-01-08T11:00:00Z","2026-01-08T12:00:00Z","2026-01-07T21:00:00Z"
"82692279","2000039553100","COMPLETED","2026-01-08T11:00:00Z","2026-01-08T12:00:00Z","2026-01-07T21:00:00Z"
"82692278","2000039553101","COMPLETED","2026-01-08T11:00:00Z","2026-01-08T12:00:00Z","2026-01-07T21:00:00Z"
"82692663","2000039553333","COMPLETED","2026-01-08T11:00:00Z","2026-01-08T12:00:00Z","2026-01-07T21:00:00Z"
"82692664","2000039553334","COMPLETED","2026-01-08T11:00:00Z","2026-01-08T12:00:00Z","2026-01-07T21:00:00Z"
"82692666","2000039553335","COMPLETED","2026-01-08T11:00:00Z","2026-01-08T12:00:00Z","2026-01-07T21:00:00Z"
"82692665","2000039553336","COMPLETED","2026-01-08T11:00:00Z","2026-01-08T12:00:00Z","2026-01-07T21:00:00Z"
"82692667","2000039553337","COMPLETED","2026-01-08T11:00:00Z","2026-01-08T12:00:00Z","2026-01-07T21:00:00Z"
"82692668","2000039553338","COMPLETED","2026-01-08T11:00:00Z","2026-01-08T12:00:00Z","2026-01-07T21:00:00Z"
"82692669","2000039553339","COMPLETED","2026-01-08T11:00:00Z","2026-01-08T12:00:00Z","2026-01-07T21:00:00Z"
"82692671","2000039553340","COMPLETED","2026-01-08T11:00:00Z","2026-01-08T12:00:00Z","2026-01-07T21:00:00Z"
"82692670","2000039553341","COMPLETED","2026-01-08T11:00:00Z","2026-01-08T12:00:00Z","2026-01-07T21:00:00Z"
"82692672","2000039553342","COMPLETED","2026-01-08T11:00:00Z","2026-01-08T12:00:00Z","2026-01-07T21:00:00Z"
"82692673","2000039553343","COMPLETED","2026-01-08T11:00:00Z","2026-01-08T12:00:00Z","2026-01-07T21:00:00Z"
"82716823","2000039569475","COMPLETED","2026-01-09T11:00:00Z","2026-01-09T12:00:00Z","2026-01-07T21:00:00Z"
"82716822","2000039569476","COMPLETED","2026-01-09T11:00:00Z","2026-01-09T12:00:00Z","2026-01-07T21:00:00Z"
"82716825","2000039569478","COMPLETED","2026-01-09T11:00:00Z","2026-01-09T12:00:00Z","2026-01-07T21:00:00Z"
"82716827","2000039569479","COMPLETED","2026-01-09T11:00:00Z","2026-01-09T12:00:00Z","2026-01-07T21:00:00Z"
"82716826","2000039569480","COMPLETED","2026-01-09T11:00:00Z","2026-01-09T12:00:00Z","2026-01-07T21:00:00Z"
"82716829","2000039569481","COMPLETED","2026-01-09T11:00:00Z","2026-01-09T12:00:00Z","2026-01-07T21:00:00Z"
"82692271","2000039553097","COMPLETED","2026-01-12T11:00:00Z","2026-01-12T12:00:00Z","2026-01-07T21:00:00Z"
"82716828","2000039569482","COMPLETED","2026-01-12T11:00:00Z","2026-01-12T12:00:00Z","2026-01-07T21:00:00Z"
"82798547","2000039616336","COMPLETED","2026-01-12T11:00:00Z","2026-01-12T12:00:00Z","2026-01-08T21:00:00Z"
"82798548","2000039616337","COMPLETED","2026-01-12T11:00:00Z","2026-01-12T12:00:00Z","2026-01-08T21:00:00Z"
"82798549","2000039616338","COMPLETED","2026-01-12T11:00:00Z","2026-01-12T12:00:00Z","2026-01-08T21:00:00Z"
"82798551","2000039616339","COMPLETED","2026-01-12T11:00:00Z","2026-01-12T12:00:00Z","2026-01-08T21:00:00Z"
"82798550","2000039616340","COMPLETED","2026-01-12T11:00:00Z","2026-01-12T12:00:00Z","2026-01-08T21:00:00Z"
"82798552","2000039616341","COMPLETED","2026-01-12T11:00:00Z","2026-01-12T12:00:00Z","2026-01-08T21:00:00Z"
"82798553","2000039616342","COMPLETED","2026-01-12T11:00:00Z","2026-01-12T12:00:00Z","2026-01-08T21:00:00Z"
"82798554","2000039616343","COMPLETED","2026-01-12T11:00:00Z","2026-01-12T12:00:00Z","2026-01-08T21:00:00Z"
"82798555","2000039616344","COMPLETED","2026-01-12T11:00:00Z","2026-01-12T12:00:00Z","2026-01-08T21:00:00Z"
"82798556","2000039616345","COMPLETED","2026-01-12T11:00:00Z","2026-01-12T12:00:00Z","2026-01-08T21:00:00Z"
"82798558","2000039616347","COMPLETED","2026-01-12T11:00:00Z","2026-01-12T12:00:00Z","2026-01-08T21:00:00Z"
"82798557","2000039616348","COMPLETED","2026-01-12T11:00:00Z","2026-01-12T12:00:00Z","2026-01-08T21:00:00Z"
"82798560","2000039616349","COMPLETED","2026-01-12T11:00:00Z","2026-01-12T12:00:00Z","2026-01-08T21:00:00Z"
"82798559","2000039616350","COMPLETED","2026-01-12T11:00:00Z","2026-01-12T12:00:00Z","2026-01-08T21:00:00Z"
"82798562","2000039616352","COMPLETED","2026-01-12T11:00:00Z","2026-01-12T12:00:00Z","2026-01-08T21:00:00Z"
"82798564","2000039616353","COMPLETED","2026-01-12T11:00:00Z","2026-01-12T12:00:00Z","2026-01-08T21:00:00Z"
"82798563","2000039616346","COMPLETED","2026-01-12T12:00:00Z","2026-01-12T13:00:00Z","2026-01-08T21:00:00Z"
"82798561","2000039616351","COMPLETED","2026-01-13T11:00:00Z","2026-01-13T12:00:00Z","2026-01-08T21:00:00Z"
"82802214","2000039619462","COMPLETED","2026-01-13T11:00:00Z","2026-01-13T12:00:00Z","2026-01-08T21:00:00Z"
"83058891","2000039776097","COMPLETED","2026-01-13T11:00:00Z","2026-01-13T12:00:00Z","2026-01-11T21:00:00Z"
"83058887","2000039776098","COMPLETED","2026-01-13T11:00:00Z","2026-01-13T12:00:00Z","2026-01-11T21:00:00Z"
"83058885","2000039776099","COMPLETED","2026-01-13T11:00:00Z","2026-01-13T12:00:00Z","2026-01-11T21:00:00Z"
"83058886","2000039776100","COMPLETED","2026-01-13T11:00:00Z","2026-01-13T12:00:00Z","2026-01-11T21:00:00Z"
"83058888","2000039776101","COMPLETED","2026-01-13T11:00:00Z","2026-01-13T12:00:00Z","2026-01-11T21:00:00Z"
"83058889","2000039776102","COMPLETED","2026-01-13T11:00:00Z","2026-01-13T12:00:00Z","2026-01-11T21:00:00Z"
"83058890","2000039776103","COMPLETED","2026-01-13T11:00:00Z","2026-01-13T12:00:00Z","2026-01-11T21:00:00Z"
"83058893","2000039776104","COMPLETED","2026-01-13T11:00:00Z","2026-01-13T12:00:00Z","2026-01-11T21:00:00Z"
"83058892","2000039776105","COMPLETED","2026-01-13T11:00:00Z","2026-01-13T12:00:00Z","2026-01-11T21:00:00Z"
"82695129","2000039554787","COMPLETED","2026-01-13T12:00:00Z","2026-01-13T13:00:00Z","2026-01-07T21:00:00Z"
"82695128","2000039554789","COMPLETED","2026-01-13T12:00:00Z","2026-01-13T13:00:00Z","2026-01-07T21:00:00Z"
"82695130","2000039554791","COMPLETED","2026-01-13T12:00:00Z","2026-01-13T13:00:00Z","2026-01-07T21:00:00Z"
"82695134","2000039554792","COMPLETED","2026-01-13T12:00:00Z","2026-01-13T13:00:00Z","2026-01-07T21:00:00Z"
"82695131","2000039554793","COMPLETED","2026-01-13T12:00:00Z","2026-01-13T13:00:00Z","2026-01-07T21:00:00Z"
"82695133","2000039554794","COMPLETED","2026-01-13T12:00:00Z","2026-01-13T13:00:00Z","2026-01-07T21:00:00Z"
"82695135","2000039554795","COMPLETED","2026-01-13T12:00:00Z","2026-01-13T13:00:00Z","2026-01-07T21:00:00Z"
"82695179","2000039554815","COMPLETED","2026-01-13T12:00:00Z","2026-01-13T13:00:00Z","2026-01-07T21:00:00Z"
"82802215","2000039619461","COMPLETED","2026-01-13T12:00:00Z","2026-01-13T13:00:00Z","2026-01-08T21:00:00Z"
"82802216","2000039619463","COMPLETED","2026-01-13T12:00:00Z","2026-01-13T13:00:00Z","2026-01-08T21:00:00Z"
"82802217","2000039619464","COMPLETED","2026-01-13T12:00:00Z","2026-01-13T13:00:00Z","2026-01-08T21:00:00Z"
"83062267","2000039778408","COMPLETED","2026-01-13T12:00:00Z","2026-01-13T13:00:00Z","2026-01-11T21:00:00Z"
"83062268","2000039778409","COMPLETED","2026-01-13T12:00:00Z","2026-01-13T13:00:00Z","2026-01-11T21:00:00Z"
"83087856","2000039796155","COMPLETED","2026-01-13T12:00:00Z","2026-01-13T13:00:00Z","2026-01-11T21:00:00Z"
"83087861","2000039796156","COMPLETED","2026-01-13T12:00:00Z","2026-01-13T13:00:00Z","2026-01-11T21:00:00Z"
"83087857","2000039796158","COMPLETED","2026-01-13T12:00:00Z","2026-01-13T13:00:00Z","2026-01-11T21:00:00Z"
"83087862","2000039796159","COMPLETED","2026-01-13T12:00:00Z","2026-01-13T13:00:00Z","2026-01-11T21:00:00Z"
"83087863","2000039796160","COMPLETED","2026-01-13T12:00:00Z","2026-01-13T13:00:00Z","2026-01-11T21:00:00Z"
"83087864","2000039796161","COMPLETED","2026-01-13T12:00:00Z","2026-01-13T13:00:00Z","2026-01-11T21:00:00Z"
"83101908","2000039805912","COMPLETED","2026-01-13T12:00:00Z","2026-01-13T13:00:00Z","2026-01-11T21:00:00Z"
"83115949","2000039814213","COMPLETED","2026-01-13T12:00:00Z","2026-01-13T13:00:00Z","2026-01-11T21:00:00Z"
"83126374","2000039820340","COMPLETED","2026-01-13T12:00:00Z","2026-01-13T13:00:00Z","2026-01-11T21:00:00Z"
"83128544","2000039821630","COMPLETED","2026-01-13T21:00:00Z","2026-01-13T22:00:00Z","2026-01-11T21:00:00Z"
"83230452","2000039880232","COMPLETED","2026-01-14T11:00:00Z","2026-01-14T12:00:00Z","2026-01-12T21:00:00Z"
"83230451","2000039880233","COMPLETED","2026-01-14T11:00:00Z","2026-01-14T12:00:00Z","2026-01-12T21:00:00Z"
"83230454","2000039880234","COMPLETED","2026-01-14T11:00:00Z","2026-01-14T12:00:00Z","2026-01-12T21:00:00Z"
"83230453","2000039880235","COMPLETED","2026-01-14T11:00:00Z","2026-01-14T12:00:00Z","2026-01-12T21:00:00Z"
"83230458","2000039880236","COMPLETED","2026-01-14T11:00:00Z","2026-01-14T12:00:00Z","2026-01-12T21:00:00Z"
"83230456","2000039880237","COMPLETED","2026-01-14T11:00:00Z","2026-01-14T12:00:00Z","2026-01-12T21:00:00Z"
"83230455","2000039880238","COMPLETED","2026-01-14T11:00:00Z","2026-01-14T12:00:00Z","2026-01-12T21:00:00Z"
"83230457","2000039880239","COMPLETED","2026-01-14T11:00:00Z","2026-01-14T12:00:00Z","2026-01-12T21:00:00Z"
"83230459","2000039880240","COMPLETED","2026-01-14T11:00:00Z","2026-01-14T12:00:00Z","2026-01-12T21:00:00Z"
"83235680","2000039883548","COMPLETED","2026-01-14T11:00:00Z","2026-01-14T12:00:00Z","2026-01-12T21:00:00Z"
"83235685","2000039883551","COMPLETED","2026-01-14T11:00:00Z","2026-01-14T12:00:00Z","2026-01-12T21:00:00Z"
"83235681","2000039883553","COMPLETED","2026-01-14T11:00:00Z","2026-01-14T12:00:00Z","2026-01-12T21:00:00Z"
"83235684","2000039883556","COMPLETED","2026-01-14T11:00:00Z","2026-01-14T12:00:00Z","2026-01-12T21:00:00Z"
"83238980","2000039885837","COMPLETED","2026-01-14T11:00:00Z","2026-01-14T12:00:00Z","2026-01-12T21:00:00Z"
"83238981","2000039885838","COMPLETED","2026-01-14T11:00:00Z","2026-01-14T12:00:00Z","2026-01-12T21:00:00Z"
"83238982","2000039885839","COMPLETED","2026-01-14T11:00:00Z","2026-01-14T12:00:00Z","2026-01-12T21:00:00Z"
"83238983","2000039885840","COMPLETED","2026-01-14T11:00:00Z","2026-01-14T12:00:00Z","2026-01-12T21:00:00Z"
"83238984","2000039885841","COMPLETED","2026-01-14T11:00:00Z","2026-01-14T12:00:00Z","2026-01-12T21:00:00Z"
"83238985","2000039885842","COMPLETED","2026-01-14T11:00:00Z","2026-01-14T12:00:00Z","2026-01-12T21:00:00Z"
"83238986","2000039885843","COMPLETED","2026-01-14T11:00:00Z","2026-01-14T12:00:00Z","2026-01-12T21:00:00Z"
"83238987","2000039885844","COMPLETED","2026-01-14T11:00:00Z","2026-01-14T12:00:00Z","2026-01-12T21:00:00Z"
"83262067","2000039900636","COMPLETED","2026-01-14T11:00:00Z","2026-01-14T12:00:00Z","2026-01-12T21:00:00Z"
"83235678","2000039883549","COMPLETED","2026-01-14T12:00:00Z","2026-01-14T13:00:00Z","2026-01-12T21:00:00Z"
"83235683","2000039883554","COMPLETED","2026-01-14T12:00:00Z","2026-01-14T13:00:00Z","2026-01-12T21:00:00Z"
"83235682","2000039883555","COMPLETED","2026-01-14T12:00:00Z","2026-01-14T13:00:00Z","2026-01-12T21:00:00Z"
"83235687","2000039883557","COMPLETED","2026-01-14T12:00:00Z","2026-01-14T13:00:00Z","2026-01-12T21:00:00Z"
"83235688","2000039883558","COMPLETED","2026-01-14T12:00:00Z","2026-01-14T13:00:00Z","2026-01-12T21:00:00Z"
"82695127","2000039554788","COMPLETED","2026-01-16T11:00:00Z","2026-01-16T12:00:00Z","2026-01-07T21:00:00Z"
"82695132","2000039554790","COMPLETED","2026-01-16T11:00:00Z","2026-01-16T12:00:00Z","2026-01-07T21:00:00Z"
"83087859","2000039796157","COMPLETED","2026-01-16T11:00:00Z","2026-01-16T12:00:00Z","2026-01-11T21:00:00Z"
"83101901","2000039805908","COMPLETED","2026-01-16T11:00:00Z","2026-01-16T12:00:00Z","2026-01-11T21:00:00Z"
"83101903","2000039805909","COMPLETED","2026-01-16T11:00:00Z","2026-01-16T12:00:00Z","2026-01-11T21:00:00Z"
"83101905","2000039805910","COMPLETED","2026-01-16T11:00:00Z","2026-01-16T12:00:00Z","2026-01-11T21:00:00Z"
"83101907","2000039805911","COMPLETED","2026-01-16T11:00:00Z","2026-01-16T12:00:00Z","2026-01-11T21:00:00Z"
"83101906","2000039805913","COMPLETED","2026-01-16T11:00:00Z","2026-01-16T12:00:00Z","2026-01-11T21:00:00Z"
"83101904","2000039805914","COMPLETED","2026-01-16T11:00:00Z","2026-01-16T12:00:00Z","2026-01-11T21:00:00Z"
"83101909","2000039805915","COMPLETED","2026-01-16T11:00:00Z","2026-01-16T12:00:00Z","2026-01-11T21:00:00Z"
"83101910","2000039805916","IN_TRANSIT","2026-01-16T11:00:00Z","2026-01-16T12:00:00Z","2026-01-11T21:00:00Z"
"83101912","2000039805917","COMPLETED","2026-01-16T11:00:00Z","2026-01-16T12:00:00Z","2026-01-11T21:00:00Z"
"83101911","2000039805918","COMPLETED","2026-01-16T11:00:00Z","2026-01-16T12:00:00Z","2026-01-11T21:00:00Z"
"83101914","2000039805919","COMPLETED","2026-01-16T11:00:00Z","2026-01-16T12:00:00Z","2026-01-11T21:00:00Z"
"83101913","2000039805920","COMPLETED","2026-01-16T11:00:00Z","2026-01-16T12:00:00Z","2026-01-11T21:00:00Z"
"83115654","2000039814049","COMPLETED","2026-01-16T11:00:00Z","2026-01-16T12:00:00Z","2026-01-11T21:00:00Z"
"83115655","2000039814050","COMPLETED","2026-01-16T11:00:00Z","2026-01-16T12:00:00Z","2026-01-11T21:00:00Z"
"83115653","2000039814051","COMPLETED","2026-01-16T11:00:00Z","2026-01-16T12:00:00Z","2026-01-11T21:00:00Z"
"83115656","2000039814052","COMPLETED","2026-01-16T11:00:00Z","2026-01-16T12:00:00Z","2026-01-11T21:00:00Z"
"83115657","2000039814053","COMPLETED","2026-01-16T11:00:00Z","2026-01-16T12:00:00Z","2026-01-11T21:00:00Z"
"83115658","2000039814054","COMPLETED","2026-01-16T11:00:00Z","2026-01-16T12:00:00Z","2026-01-11T21:00:00Z"
"83115659","2000039814055","COMPLETED","2026-01-16T11:00:00Z","2026-01-16T12:00:00Z","2026-01-11T21:00:00Z"
"83115660","2000039814056","COMPLETED","2026-01-16T11:00:00Z","2026-01-16T12:00:00Z","2026-01-11T21:00:00Z"
"83115662","2000039814057","COMPLETED","2026-01-16T11:00:00Z","2026-01-16T12:00:00Z","2026-01-11T21:00:00Z"
"83115663","2000039814058","COMPLETED","2026-01-16T11:00:00Z","2026-01-16T12:00:00Z","2026-01-11T21:00:00Z"
"83115661","2000039814059","COMPLETED","2026-01-16T11:00:00Z","2026-01-16T12:00:00Z","2026-01-11T21:00:00Z"
"83115664","2000039814060","COMPLETED","2026-01-16T11:00:00Z","2026-01-16T12:00:00Z","2026-01-11T21:00:00Z"
"83115665","2000039814061","COMPLETED","2026-01-16T11:00:00Z","2026-01-16T12:00:00Z","2026-01-11T21:00:00Z"
"83115666","2000039814062","COMPLETED","2026-01-16T11:00:00Z","2026-01-16T12:00:00Z","2026-01-11T21:00:00Z"
"83115667","2000039814063","COMPLETED","2026-01-16T11:00:00Z","2026-01-16T12:00:00Z","2026-01-11T21:00:00Z"
"83224169","2000039876594","COMPLETED","2026-01-16T11:00:00Z","2026-01-16T12:00:00Z","2026-01-12T21:00:00Z"
"83224170","2000039876595","COMPLETED","2026-01-16T11:00:00Z","2026-01-16T12:00:00Z","2026-01-12T21:00:00Z"
"83224172","2000039876596","COMPLETED","2026-01-16T11:00:00Z","2026-01-16T12:00:00Z","2026-01-12T21:00:00Z"
"83224174","2000039876597","COMPLETED","2026-01-16T11:00:00Z","2026-01-16T12:00:00Z","2026-01-12T21:00:00Z"
"83224176","2000039876598","COMPLETED","2026-01-16T11:00:00Z","2026-01-16T12:00:00Z","2026-01-12T21:00:00Z"
"83224171","2000039876599","COMPLETED","2026-01-16T11:00:00Z","2026-01-16T12:00:00Z","2026-01-12T21:00:00Z"
"83224175","2000039876600","COMPLETED","2026-01-16T11:00:00Z","2026-01-16T12:00:00Z","2026-01-12T21:00:00Z"
"83224173","2000039876601","COMPLETED","2026-01-16T11:00:00Z","2026-01-16T12:00:00Z","2026-01-12T21:00:00Z"
"83224168","2000039876602","COMPLETED","2026-01-16T11:00:00Z","2026-01-16T12:00:00Z","2026-01-12T21:00:00Z"
"83225819","2000039877708","COMPLETED","2026-01-16T11:00:00Z","2026-01-16T12:00:00Z","2026-01-12T21:00:00Z"
"83225825","2000039877709","COMPLETED","2026-01-16T11:00:00Z","2026-01-16T12:00:00Z","2026-01-12T21:00:00Z"
"83225821","2000039877710","COMPLETED","2026-01-16T11:00:00Z","2026-01-16T12:00:00Z","2026-01-12T21:00:00Z"
"83225820","2000039877711","COMPLETED","2026-01-16T11:00:00Z","2026-01-16T12:00:00Z","2026-01-12T21:00:00Z"
"83225822","2000039877712","COMPLETED","2026-01-16T11:00:00Z","2026-01-16T12:00:00Z","2026-01-12T21:00:00Z"
"83225823","2000039877713","COMPLETED","2026-01-16T11:00:00Z","2026-01-16T12:00:00Z","2026-01-12T21:00:00Z"
"83225824","2000039877714","COMPLETED","2026-01-16T11:00:00Z","2026-01-16T12:00:00Z","2026-01-12T21:00:00Z"
"83226866","2000039878288","COMPLETED","2026-01-16T11:00:00Z","2026-01-16T12:00:00Z","2026-01-12T21:00:00Z"
"83226867","2000039878289","COMPLETED","2026-01-16T11:00:00Z","2026-01-16T12:00:00Z","2026-01-12T21:00:00Z"
"83226865","2000039878290","COMPLETED","2026-01-16T11:00:00Z","2026-01-16T12:00:00Z","2026-01-12T21:00:00Z"
"83227972","2000039878895","COMPLETED","2026-01-16T11:00:00Z","2026-01-16T12:00:00Z","2026-01-12T21:00:00Z"
"83227973","2000039878896","COMPLETED","2026-01-16T11:00:00Z","2026-01-16T12:00:00Z","2026-01-12T21:00:00Z"
"83227974","2000039878897","COMPLETED","2026-01-16T11:00:00Z","2026-01-16T12:00:00Z","2026-01-12T21:00:00Z"
"83434414","2000040008679","COMPLETED","2026-01-16T11:00:00Z","2026-01-16T12:00:00Z","2026-01-13T21:00:00Z"
"83591670","2000040103824","COMPLETED","2026-01-16T11:00:00Z","2026-01-16T12:00:00Z","2026-01-14T21:00:00Z"
"83593781","2000040105089","COMPLETED","2026-01-16T11:00:00Z","2026-01-16T12:00:00Z","2026-01-14T21:00:00Z"
"83593779","2000040105090","COMPLETED","2026-01-16T11:00:00Z","2026-01-16T12:00:00Z","2026-01-14T21:00:00Z"
"83593780","2000040105091","COMPLETED","2026-01-16T11:00:00Z","2026-01-16T12:00:00Z","2026-01-14T21:00:00Z"
"83593783","2000040105092","COMPLETED","2026-01-16T11:00:00Z","2026-01-16T12:00:00Z","2026-01-14T21:00:00Z"
"83741791","2000040196359","COMPLETED","2026-01-19T11:00:00Z","2026-01-19T12:00:00Z","2026-01-15T21:00:00Z"
"83746101","2000040198908","COMPLETED","2026-01-19T11:00:00Z","2026-01-19T12:00:00Z","2026-01-15T21:00:00Z"
"83746102","2000040198909","COMPLETED","2026-01-19T11:00:00Z","2026-01-19T12:00:00Z","2026-01-15T21:00:00Z"
"84641365","2000040751783","COMPLETED","2026-01-23T11:00:00Z","2026-01-23T12:00:00Z","2026-01-21T21:00:00Z"
"84641363","2000040751784","COMPLETED","2026-01-23T11:00:00Z","2026-01-23T12:00:00Z","2026-01-21T21:00:00Z"
"84641366","2000040751785","COMPLETED","2026-01-23T11:00:00Z","2026-01-23T12:00:00Z","2026-01-21T21:00:00Z"
"84641364","2000040751786","COMPLETED","2026-01-23T11:00:00Z","2026-01-23T12:00:00Z","2026-01-21T21:00:00Z"
"84641371","2000040751787","COMPLETED","2026-01-23T11:00:00Z","2026-01-23T12:00:00Z","2026-01-21T21:00:00Z"
"84641367","2000040751788","COMPLETED","2026-01-23T11:00:00Z","2026-01-23T12:00:00Z","2026-01-21T21:00:00Z"
"84641368","2000040751791","COMPLETED","2026-01-23T11:00:00Z","2026-01-23T12:00:00Z","2026-01-21T21:00:00Z"
"84641372","2000040751792","COMPLETED","2026-01-23T11:00:00Z","2026-01-23T12:00:00Z","2026-01-21T21:00:00Z"
"84641373","2000040751793","COMPLETED","2026-01-23T11:00:00Z","2026-01-23T12:00:00Z","2026-01-21T21:00:00Z"
"84641375","2000040751795","COMPLETED","2026-01-23T11:00:00Z","2026-01-23T12:00:00Z","2026-01-21T21:00:00Z"
"84651830","2000040758303","COMPLETED","2026-01-23T11:00:00Z","2026-01-23T12:00:00Z","2026-01-21T21:00:00Z"
"84654867","2000040760154","COMPLETED","2026-01-23T11:00:00Z","2026-01-23T12:00:00Z","2026-01-21T21:00:00Z"
"84679899","2000040777069","COMPLETED","2026-01-23T11:00:00Z","2026-01-23T12:00:00Z","2026-01-21T21:00:00Z"
"83235677","2000039883552","COMPLETED","2026-01-27T11:00:00Z","2026-01-27T12:00:00Z","2026-01-12T21:00:00Z"
"84641370","2000040751789","COMPLETED","2026-01-27T11:00:00Z","2026-01-27T12:00:00Z","2026-01-21T21:00:00Z"
"84641369","2000040751790","COMPLETED","2026-01-27T11:00:00Z","2026-01-27T12:00:00Z","2026-01-21T21:00:00Z"
"84641374","2000040751796","COMPLETED","2026-01-27T11:00:00Z","2026-01-27T12:00:00Z","2026-01-21T21:00:00Z"
"84823414","2000040863186","COMPLETED","2026-01-27T11:00:00Z","2026-01-27T12:00:00Z","2026-01-22T21:00:00Z"
"84823415","2000040863187","COMPLETED","2026-01-27T11:00:00Z","2026-01-27T12:00:00Z","2026-01-22T21:00:00Z"
"84823413","2000040863188","COMPLETED","2026-01-27T11:00:00Z","2026-01-27T12:00:00Z","2026-01-22T21:00:00Z"
"84823412","2000040863189","COMPLETED","2026-01-27T11:00:00Z","2026-01-27T12:00:00Z","2026-01-22T21:00:00Z"
"84823417","2000040863190","COMPLETED","2026-01-27T11:00:00Z","2026-01-27T12:00:00Z","2026-01-22T21:00:00Z"
"84823418","2000040863191","COMPLETED","2026-01-27T11:00:00Z","2026-01-27T12:00:00Z","2026-01-22T21:00:00Z"
"84823416","2000040863193","COMPLETED","2026-01-27T11:00:00Z","2026-01-27T12:00:00Z","2026-01-22T21:00:00Z"
"84823419","2000040863197","COMPLETED","2026-01-27T11:00:00Z","2026-01-27T12:00:00Z","2026-01-22T21:00:00Z"
"84823425","2000040863199","COMPLETED","2026-01-27T11:00:00Z","2026-01-27T12:00:00Z","2026-01-22T21:00:00Z"
"84823426","2000040863200","IN_TRANSIT","2026-01-27T11:00:00Z","2026-01-27T12:00:00Z","2026-01-22T21:00:00Z"
"84823427","2000040863201","COMPLETED","2026-01-27T11:00:00Z","2026-01-27T12:00:00Z","2026-01-22T21:00:00Z"
"84823428","2000040863202","COMPLETED","2026-01-27T11:00:00Z","2026-01-27T12:00:00Z","2026-01-22T21:00:00Z"
"84823430","2000040863203","COMPLETED","2026-01-27T11:00:00Z","2026-01-27T12:00:00Z","2026-01-22T21:00:00Z"
"84823429","2000040863205","COMPLETED","2026-01-27T11:00:00Z","2026-01-27T12:00:00Z","2026-01-22T21:00:00Z"
"84638147","83335993-1","COMPLETED","2026-01-27T11:00:00Z","2026-01-27T12:00:00Z","2026-01-21T21:00:00Z"
"84641376","2000040751794","COMPLETED","2026-01-28T11:00:00Z","2026-01-28T12:00:00Z","2026-01-21T21:00:00Z"
"84823421","2000040863194","COMPLETED","2026-01-28T11:00:00Z","2026-01-28T12:00:00Z","2026-01-22T21:00:00Z"
"84823420","2000040863195","COMPLETED","2026-01-28T11:00:00Z","2026-01-28T12:00:00Z","2026-01-22T21:00:00Z"
"84823422","2000040863196","COMPLETED","2026-01-28T11:00:00Z","2026-01-28T12:00:00Z","2026-01-22T21:00:00Z"
"84823424","2000040863198","COMPLETED","2026-01-28T11:00:00Z","2026-01-28T12:00:00Z","2026-01-22T21:00:00Z"
"85224421","2000041114516","COMPLETED","2026-01-28T11:00:00Z","2026-01-28T12:00:00Z","2026-01-25T21:00:00Z"
"85224430","2000041114517","COMPLETED","2026-01-28T11:00:00Z","2026-01-28T12:00:00Z","2026-01-25T21:00:00Z"
"85224425","2000041114518","COMPLETED","2026-01-28T11:00:00Z","2026-01-28T12:00:00Z","2026-01-25T21:00:00Z"
"85224427","2000041114519","COMPLETED","2026-01-28T11:00:00Z","2026-01-28T12:00:00Z","2026-01-25T21:00:00Z"
"85224429","2000041114520","COMPLETED","2026-01-28T11:00:00Z","2026-01-28T12:00:00Z","2026-01-25T21:00:00Z"
"85224422","2000041114521","COMPLETED","2026-01-28T11:00:00Z","2026-01-28T12:00:00Z","2026-01-25T21:00:00Z"
"85224424","2000041114522","COMPLETED","2026-01-28T11:00:00Z","2026-01-28T12:00:00Z","2026-01-25T21:00:00Z"
"85224428","2000041114523","COMPLETED","2026-01-28T11:00:00Z","2026-01-28T12:00:00Z","2026-01-25T21:00:00Z"
"85352120","2000041189587","COMPLETED","2026-02-03T11:00:00Z","2026-02-03T12:00:00Z","2026-01-26T21:00:00Z"
"85352123","2000041189588","IN_TRANSIT","2026-02-03T11:00:00Z","2026-02-03T12:00:00Z","2026-01-26T21:00:00Z"
"85352122","2000041189589","COMPLETED","2026-02-03T11:00:00Z","2026-02-03T12:00:00Z","2026-01-26T21:00:00Z"
"85352121","2000041189590","COMPLETED","2026-02-03T11:00:00Z","2026-02-03T12:00:00Z","2026-01-26T21:00:00Z"
"85352124","2000041189591","ACCEPTANCE_AT_STORAGE_WAREHOUSE","2026-02-03T11:00:00Z","2026-02-03T12:00:00Z","2026-01-26T21:00:00Z"
"85352126","2000041189592","COMPLETED","2026-02-03T11:00:00Z","2026-02-03T12:00:00Z","2026-01-26T21:00:00Z"
"85352128","2000041189596","COMPLETED","2026-02-03T11:00:00Z","2026-02-03T12:00:00Z","2026-01-26T21:00:00Z"
"85352129","2000041189597","COMPLETED","2026-02-03T11:00:00Z","2026-02-03T12:00:00Z","2026-01-26T21:00:00Z"
"85352130","2000041189598","COMPLETED","2026-02-03T11:00:00Z","2026-02-03T12:00:00Z","2026-01-26T21:00:00Z"
"85352132","2000041189599","COMPLETED","2026-02-03T11:00:00Z","2026-02-03T12:00:00Z","2026-01-26T21:00:00Z"
"85352133","2000041189600","COMPLETED","2026-02-03T11:00:00Z","2026-02-03T12:00:00Z","2026-01-26T21:00:00Z"
"85352135","2000041189601","COMPLETED","2026-02-03T11:00:00Z","2026-02-03T12:00:00Z","2026-01-26T21:00:00Z"
"85352134","2000041189602","ACCEPTANCE_AT_STORAGE_WAREHOUSE","2026-02-03T11:00:00Z","2026-02-03T12:00:00Z","2026-01-26T21:00:00Z"
"85352138","2000041189603","ACCEPTANCE_AT_STORAGE_WAREHOUSE","2026-02-03T11:00:00Z","2026-02-03T12:00:00Z","2026-01-26T21:00:00Z"
"85352136","2000041189604","IN_TRANSIT","2026-02-03T11:00:00Z","2026-02-03T12:00:00Z","2026-01-26T21:00:00Z"
"85842883","2000041491307","COMPLETED","2026-02-03T11:00:00Z","2026-02-03T12:00:00Z","2026-01-29T21:00:00Z"
"85842882","2000041491308","COMPLETED","2026-02-03T11:00:00Z","2026-02-03T12:00:00Z","2026-01-29T21:00:00Z"
"85842885","2000041491309","COMPLETED","2026-02-03T11:00:00Z","2026-02-03T12:00:00Z","2026-01-29T21:00:00Z"
"85842884","2000041491310","COMPLETED","2026-02-03T11:00:00Z","2026-02-03T12:00:00Z","2026-01-29T21:00:00Z"
"85842887","2000041491311","COMPLETED","2026-02-03T11:00:00Z","2026-02-03T12:00:00Z","2026-01-29T21:00:00Z"
"85842886","2000041491312","COMPLETED","2026-02-03T11:00:00Z","2026-02-03T12:00:00Z","2026-01-29T21:00:00Z"
"85842888","2000041491313","COMPLETED","2026-02-03T11:00:00Z","2026-02-03T12:00:00Z","2026-01-29T21:00:00Z"
"85842889","2000041491314","COMPLETED","2026-02-03T11:00:00Z","2026-02-03T12:00:00Z","2026-01-29T21:00:00Z"
"86164661","2000041688632","COMPLETED","2026-02-03T11:00:00Z","2026-02-03T12:00:00Z","2026-02-01T21:00:00Z"
"86164663","2000041688634","IN_TRANSIT","2026-02-03T11:00:00Z","2026-02-03T12:00:00Z","2026-02-01T21:00:00Z"
"86164664","2000041688635","COMPLETED","2026-02-03T11:00:00Z","2026-02-03T12:00:00Z","2026-02-01T21:00:00Z"
"86164665","2000041688636","IN_TRANSIT","2026-02-03T11:00:00Z","2026-02-03T12:00:00Z","2026-02-01T21:00:00Z"
"85352125","2000041189595","COMPLETED","2026-02-06T11:00:00Z","2026-02-06T12:00:00Z","2026-01-26T21:00:00Z"
"85904882","2000041535112","COMPLETED","2026-02-06T11:00:00Z","2026-02-06T12:00:00Z","2026-01-29T21:00:00Z"
"85904883","2000041535113","COMPLETED","2026-02-06T11:00:00Z","2026-02-06T12:00:00Z","2026-01-29T21:00:00Z"
"85904885","2000041535114","COMPLETED","2026-02-06T11:00:00Z","2026-02-06T12:00:00Z","2026-01-29T21:00:00Z"
"85904884","2000041535115","COMPLETED","2026-02-06T11:00:00Z","2026-02-06T12:00:00Z","2026-01-29T21:00:00Z"
"85904886","2000041535116","COMPLETED","2026-02-06T11:00:00Z","2026-02-06T12:00:00Z","2026-01-29T21:00:00Z"
"85904887","2000041535118","COMPLETED","2026-02-06T11:00:00Z","2026-02-06T12:00:00Z","2026-01-29T21:00:00Z"
"86224881","2000041728573","IN_TRANSIT","2026-02-09T11:00:00Z","2026-02-09T12:00:00Z","2026-02-01T21:00:00Z"
"86224882","2000041728574","IN_TRANSIT","2026-02-09T11:00:00Z","2026-02-09T12:00:00Z","2026-02-01T21:00:00Z"
"86224884","2000041728575","IN_TRANSIT","2026-02-09T11:00:00Z","2026-02-09T12:00:00Z","2026-02-01T21:00:00Z"
"86224883","2000041728576","IN_TRANSIT","2026-02-09T11:00:00Z","2026-02-09T12:00:00Z","2026-02-01T21:00:00Z"
"86224885","2000041728577","IN_TRANSIT","2026-02-09T11:00:00Z","2026-02-09T12:00:00Z","2026-02-01T21:00:00Z"
"86224886","2000041728578","IN_TRANSIT","2026-02-09T11:00:00Z","2026-02-09T12:00:00Z","2026-02-01T21:00:00Z"
"86224889","2000041728579","IN_TRANSIT","2026-02-09T11:00:00Z","2026-02-09T12:00:00Z","2026-02-01T21:00:00Z"
"86224887","2000041728580","IN_TRANSIT","2026-02-09T11:00:00Z","2026-02-09T12:00:00Z","2026-02-01T21:00:00Z"
"86224890","2000041728581","IN_TRANSIT","2026-02-09T11:00:00Z","2026-02-09T12:00:00Z","2026-02-01T21:00:00Z"
"86224894","2000041728583","IN_TRANSIT","2026-02-09T11:00:00Z","2026-02-09T12:00:00Z","2026-02-01T21:00:00Z"
"86224893","2000041728584","IN_TRANSIT","2026-02-09T11:00:00Z","2026-02-09T12:00:00Z","2026-02-01T21:00:00Z"
"86224892","2000041728585","IN_TRANSIT","2026-02-09T11:00:00Z","2026-02-09T12:00:00Z","2026-02-01T21:00:00Z"
"86224895","2000041728586","IN_TRANSIT","2026-02-09T11:00:00Z","2026-02-09T12:00:00Z","2026-02-01T21:00:00Z"
"86224897","2000041728587","IN_TRANSIT","2026-02-09T11:00:00Z","2026-02-09T12:00:00Z","2026-02-01T21:00:00Z"
"86224898","2000041728589","IN_TRANSIT","2026-02-09T11:00:00Z","2026-02-09T12:00:00Z","2026-02-01T21:00:00Z"
"86506080","2000041894328","IN_TRANSIT","2026-02-10T11:00:00Z","2026-02-10T12:00:00Z","2026-02-03T21:00:00Z"
"86506081","2000041894329","IN_TRANSIT","2026-02-10T11:00:00Z","2026-02-10T12:00:00Z","2026-02-03T21:00:00Z"
"86506079","2000041894330","IN_TRANSIT","2026-02-10T11:00:00Z","2026-02-10T12:00:00Z","2026-02-03T21:00:00Z"
"86506084","2000041894331","IN_TRANSIT","2026-02-10T11:00:00Z","2026-02-10T12:00:00Z","2026-02-03T21:00:00Z"
"86506083","2000041894332","IN_TRANSIT","2026-02-10T11:00:00Z","2026-02-10T12:00:00Z","2026-02-03T21:00:00Z"
"86506082","2000041894333","IN_TRANSIT","2026-02-10T11:00:00Z","2026-02-10T12:00:00Z","2026-02-03T21:00:00Z"
"86506085","2000041894334","IN_TRANSIT","2026-02-10T11:00:00Z","2026-02-10T12:00:00Z","2026-02-03T21:00:00Z"
"86506086","2000041894335","IN_TRANSIT","2026-02-10T11:00:00Z","2026-02-10T12:00:00Z","2026-02-03T21:00:00Z"
"86506089","2000041894336","IN_TRANSIT","2026-02-10T11:00:00Z","2026-02-10T12:00:00Z","2026-02-03T21:00:00Z"
"86506087","2000041894337","IN_TRANSIT","2026-02-10T11:00:00Z","2026-02-10T12:00:00Z","2026-02-03T21:00:00Z"
"86506088","2000041894339","IN_TRANSIT","2026-02-10T11:00:00Z","2026-02-10T12:00:00Z","2026-02-03T21:00:00Z"
"86506091","2000041894340","IN_TRANSIT","2026-02-10T11:00:00Z","2026-02-10T12:00:00Z","2026-02-03T21:00:00Z"
"86506092","2000041894341","IN_TRANSIT","2026-02-10T11:00:00Z","2026-02-10T12:00:00Z","2026-02-03T21:00:00Z"
"86738691","2000042039330","IN_TRANSIT","2026-02-10T11:00:00Z","2026-02-10T12:00:00Z","2026-02-04T21:00:00Z"
"86844437","2000042100503","IN_TRANSIT","2026-02-10T11:00:00Z","2026-02-10T12:00:00Z","2026-02-05T21:00:00Z"
"86848816","2000042103107","IN_TRANSIT","2026-02-10T11:00:00Z","2026-02-10T12:00:00Z","2026-02-05T21:00:00Z"
"86848818","2000042103108","IN_TRANSIT","2026-02-10T11:00:00Z","2026-02-10T12:00:00Z","2026-02-05T21:00:00Z"
"86848820","2000042103109","IN_TRANSIT","2026-02-10T11:00:00Z","2026-02-10T12:00:00Z","2026-02-05T21:00:00Z"
"86848822","2000042103111","IN_TRANSIT","2026-02-10T11:00:00Z","2026-02-10T12:00:00Z","2026-02-05T21:00:00Z"
"86848821","2000042103112","IN_TRANSIT","2026-02-10T11:00:00Z","2026-02-10T12:00:00Z","2026-02-05T21:00:00Z"
"86848823","2000042103113","IN_TRANSIT","2026-02-10T11:00:00Z","2026-02-10T12:00:00Z","2026-02-05T21:00:00Z"
"87199678","2000042314966","IN_TRANSIT","2026-02-10T11:00:00Z","2026-02-10T12:00:00Z","2026-02-08T21:00:00Z"
"87203854","2000042317459","IN_TRANSIT","2026-02-10T11:00:00Z","2026-02-10T12:00:00Z","2026-02-08T21:00:00Z"
"86506093","2000041894342","IN_TRANSIT","2026-02-11T11:00:00Z","2026-02-11T12:00:00Z","2026-02-03T21:00:00Z"
"86738670","2000042039315","IN_TRANSIT","2026-02-11T11:00:00Z","2026-02-11T12:00:00Z","2026-02-04T21:00:00Z"
"86738674","2000042039316","IN_TRANSIT","2026-02-11T11:00:00Z","2026-02-11T12:00:00Z","2026-02-04T21:00:00Z"
"86738677","2000042039317","IN_TRANSIT","2026-02-11T11:00:00Z","2026-02-11T12:00:00Z","2026-02-04T21:00:00Z"
"86738679","2000042039319","IN_TRANSIT","2026-02-11T11:00:00Z","2026-02-11T12:00:00Z","2026-02-04T21:00:00Z"
"86738681","2000042039322","IN_TRANSIT","2026-02-11T11:00:00Z","2026-02-11T12:00:00Z","2026-02-04T21:00:00Z"
"86738680","2000042039324","IN_TRANSIT","2026-02-11T11:00:00Z","2026-02-11T12:00:00Z","2026-02-04T21:00:00Z"
"86738682","2000042039325","IN_TRANSIT","2026-02-11T11:00:00Z","2026-02-11T12:00:00Z","2026-02-04T21:00:00Z"
"86738684","2000042039326","IN_TRANSIT","2026-02-11T11:00:00Z","2026-02-11T12:00:00Z","2026-02-04T21:00:00Z"
"86738685","2000042039329","IN_TRANSIT","2026-02-11T11:00:00Z","2026-02-11T12:00:00Z","2026-02-04T21:00:00Z"
"86738692","2000042039331","IN_TRANSIT","2026-02-11T11:00:00Z","2026-02-11T12:00:00Z","2026-02-04T21:00:00Z"
"86738683","2000042039332","IN_TRANSIT","2026-02-11T11:00:00Z","2026-02-11T12:00:00Z","2026-02-04T21:00:00Z"
"86738693","2000042039334","IN_TRANSIT","2026-02-11T11:00:00Z","2026-02-11T12:00:00Z","2026-02-04T21:00:00Z"
"86738695","2000042039335","IN_TRANSIT","2026-02-11T11:00:00Z","2026-02-11T12:00:00Z","2026-02-04T21:00:00Z"
"86848819","2000042103110","IN_TRANSIT","2026-02-11T11:00:00Z","2026-02-11T12:00:00Z","2026-02-05T21:00:00Z"
"87391718","2000042429932","READY_TO_SUPPLY","2026-02-12T11:00:00Z","2026-02-12T12:00:00Z","2026-02-09T21:00:00Z"
"87393493","2000042431245","READY_TO_SUPPLY","2026-02-12T11:00:00Z","2026-02-12T12:00:00Z","2026-02-09T21:00:00Z"
"87393498","2000042431248","READY_TO_SUPPLY","2026-02-12T11:00:00Z","2026-02-12T12:00:00Z","2026-02-09T21:00:00Z"
"87393499","2000042431249","READY_TO_SUPPLY","2026-02-12T11:00:00Z","2026-02-12T12:00:00Z","2026-02-09T21:00:00Z"
"87393494","2000042431250","READY_TO_SUPPLY","2026-02-12T11:00:00Z","2026-02-12T12:00:00Z","2026-02-09T21:00:00Z"
"87599719","2000042556478","READY_TO_SUPPLY","2026-02-12T11:00:00Z","2026-02-12T12:00:00Z","2026-02-10T21:00:00Z"
"87599717","2000042556479","READY_TO_SUPPLY","2026-02-12T11:00:00Z","2026-02-12T12:00:00Z","2026-02-10T21:00:00Z"
"87599723","2000042556483","READY_TO_SUPPLY","2026-02-12T11:00:00Z","2026-02-12T12:00:00Z","2026-02-10T21:00:00Z"
"87599724","2000042556484","READY_TO_SUPPLY","2026-02-12T11:00:00Z","2026-02-12T12:00:00Z","2026-02-10T21:00:00Z"
"87599725","2000042556487","READY_TO_SUPPLY","2026-02-12T11:00:00Z","2026-02-12T12:00:00Z","2026-02-10T21:00:00Z"
"87599730","2000042556490","READY_TO_SUPPLY","2026-02-12T11:00:00Z","2026-02-12T12:00:00Z","2026-02-10T21:00:00Z"
"87599732","2000042556492","READY_TO_SUPPLY","2026-02-12T11:00:00Z","2026-02-12T12:00:00Z","2026-02-10T21:00:00Z"
"87599731","2000042556493","READY_TO_SUPPLY","2026-02-12T11:00:00Z","2026-02-12T12:00:00Z","2026-02-10T21:00:00Z"
"87599720","2000042556494","READY_TO_SUPPLY","2026-02-12T11:00:00Z","2026-02-12T12:00:00Z","2026-02-10T21:00:00Z"
"87394415","2000042431760","READY_TO_SUPPLY","2026-02-12T12:00:00Z","2026-02-12T13:00:00Z","2026-02-09T21:00:00Z"
"87751584","2000042644529","READY_TO_SUPPLY","2026-02-13T11:00:00Z","2026-02-13T12:00:00Z","2026-02-11T21:00:00Z"
"87751585","2000042644530","READY_TO_SUPPLY","2026-02-13T11:00:00Z","2026-02-13T12:00:00Z","2026-02-11T21:00:00Z"
"87751588","2000042644531","READY_TO_SUPPLY","2026-02-13T11:00:00Z","2026-02-13T12:00:00Z","2026-02-11T21:00:00Z"
"87751586","2000042644533","READY_TO_SUPPLY","2026-02-13T11:00:00Z","2026-02-13T12:00:00Z","2026-02-11T21:00:00Z"
"87751589","2000042644534","READY_TO_SUPPLY","2026-02-13T11:00:00Z","2026-02-13T12:00:00Z","2026-02-11T21:00:00Z"
"87751591","2000042644535","READY_TO_SUPPLY","2026-02-13T11:00:00Z","2026-02-13T12:00:00Z","2026-02-11T21:00:00Z"
"87751590","2000042644536","READY_TO_SUPPLY","2026-02-13T11:00:00Z","2026-02-13T12:00:00Z","2026-02-11T21:00:00Z"
"87751592","2000042644537","READY_TO_SUPPLY","2026-02-13T11:00:00Z","2026-02-13T12:00:00Z","2026-02-11T21:00:00Z"
"87751594","2000042644538","READY_TO_SUPPLY","2026-02-13T11:00:00Z","2026-02-13T12:00:00Z","2026-02-11T21:00:00Z"
"87751595","2000042644540","READY_TO_SUPPLY","2026-02-13T11:00:00Z","2026-02-13T12:00:00Z","2026-02-11T21:00:00Z"
"87203853","2000042317460","READY_TO_SUPPLY","2026-02-13T14:00:00Z","2026-02-13T15:00:00Z","2026-02-08T21:00:00Z"
"87599729","2000042556488","READY_TO_SUPPLY","2026-02-13T14:00:00Z","2026-02-13T15:00:00Z","2026-02-10T21:00:00Z"
"87751583","2000042644528","READY_TO_SUPPLY","2026-02-13T14:00:00Z","2026-02-13T15:00:00Z","2026-02-11T21:00:00Z"
"86224891","2000041728582","READY_TO_SUPPLY","2026-02-16T11:00:00Z","2026-02-16T12:00:00Z","2026-02-01T21:00:00Z"
"86506090","2000041894338","READY_TO_SUPPLY","2026-02-16T11:00:00Z","2026-02-16T12:00:00Z","2026-02-03T21:00:00Z"
"87392655","2000042430477","READY_TO_SUPPLY","2026-02-16T11:00:00Z","2026-02-16T12:00:00Z","2026-02-09T21:00:00Z"
"87393783","2000042431401","READY_TO_SUPPLY","2026-02-16T11:00:00Z","2026-02-16T12:00:00Z","2026-02-09T21:00:00Z"
"87568958","2000042534881","READY_TO_SUPPLY","2026-02-16T11:00:00Z","2026-02-16T12:00:00Z","2026-02-10T21:00:00Z"
"87599718","2000042556481","READY_TO_SUPPLY","2026-02-16T11:00:00Z","2026-02-16T12:00:00Z","2026-02-10T21:00:00Z"
"85904888","2000041535117","READY_TO_SUPPLY","2026-02-17T11:00:00Z","2026-02-17T12:00:00Z","2026-01-29T21:00:00Z"
"87393495","2000042431247","READY_TO_SUPPLY","2026-02-17T11:00:00Z","2026-02-17T12:00:00Z","2026-02-09T21:00:00Z"
"87395673","2000042432439","READY_TO_SUPPLY","2026-02-17T11:00:00Z","2026-02-17T12:00:00Z","2026-02-09T21:00:00Z"
"87568961","2000042534883","READY_TO_SUPPLY","2026-02-17T11:00:00Z","2026-02-17T12:00:00Z","2026-02-10T21:00:00Z"
"87568962","2000042534884","READY_TO_SUPPLY","2026-02-17T11:00:00Z","2026-02-17T12:00:00Z","2026-02-10T21:00:00Z"
"87568960","2000042534885","READY_TO_SUPPLY","2026-02-17T11:00:00Z","2026-02-17T12:00:00Z","2026-02-10T21:00:00Z"
"87568963","2000042534886","READY_TO_SUPPLY","2026-02-17T11:00:00Z","2026-02-17T12:00:00Z","2026-02-10T21:00:00Z"
"87568964","2000042534887","READY_TO_SUPPLY","2026-02-17T11:00:00Z","2026-02-17T12:00:00Z","2026-02-10T21:00:00Z"
"87599716","2000042556480","READY_TO_SUPPLY","2026-02-17T11:00:00Z","2026-02-17T12:00:00Z","2026-02-10T21:00:00Z"
"87599721","2000042556482","READY_TO_SUPPLY","2026-02-17T11:00:00Z","2026-02-17T12:00:00Z","2026-02-10T21:00:00Z"
"87599722","2000042556485","READY_TO_SUPPLY","2026-02-17T11:00:00Z","2026-02-17T12:00:00Z","2026-02-10T21:00:00Z"
"87599728","2000042556491","READY_TO_SUPPLY","2026-02-17T11:00:00Z","2026-02-17T12:00:00Z","2026-02-10T21:00:00Z"
"87599727","2000042556486","READY_TO_SUPPLY","2026-02-23T11:00:00Z","2026-02-23T12:00:00Z","2026-02-10T21:00:00Z"
"87751593","2000042644539","READY_TO_SUPPLY","2026-02-23T11:00:00Z","2026-02-23T12:00:00Z","2026-02-11T21:00:00Z"
"85352127","2000041189593","READY_TO_SUPPLY","2026-02-24T11:00:00Z","2026-02-24T12:00:00Z","2026-01-26T21:00:00Z"
"87599726","2000042556489","READY_TO_SUPPLY","2026-02-25T11:00:00Z","2026-02-25T12:00:00Z","2026-02-10T21:00:00Z"
"87393497","2000042431246","READY_TO_SUPPLY","2026-02-26T11:00:00Z","2026-02-26T12:00:00Z","2026-02-09T21:00:00Z"
"87568959","2000042534882","READY_TO_SUPPLY","2026-02-26T11:00:00Z","2026-02-26T12:00:00Z","2026-02-10T21:00:00Z"
